user,playlist,Correo,Contra
Jorge,Musica1,jorge@gmail.com,Jorge
Tomas ,Musica2,tomas@gmail.com,Tomas
Pedro,Musica3,pedro@gmail.com,Pedro
Aldo,Musica4,aldo@gmail.com,Aldo
Marco,Musica5,marco@gmail.com,Marco
Santiago,Musica5,santiago@gmail.com,Santiago